{"cameraMode":{"drawMode":0,"name":"Shaded","section":"Shading Mode"},"sceneLighting":true,"audioPlay":false,"sceneViewState":{"m_AlwaysRefresh":false,"showFog":true,"showSkybox":true,"showFlares":true,"showImageEffects":true,"showParticleSystems":true,"showVisualEffectGraphs":true,"m_FxEnabled":true},"in2DMode":false,"pivot":{"x":8.500767707824707,"y":-1.5855293273925782,"z":13.154123306274414},"rotation":{"x":-0.6961523294448853,"y":-0.036974214017391208,"z":0.035946737974882129,"w":-0.7160487174987793},"size":19.344812393188478,"orthographic":false}